Author,Title,HD_D,Average_TFIDF,AuthorRus,Rating,Emotional,Length,AvgWordLength,AvgSentenceLength,LongWordRatio,LexicalDiversity,SentimentScore,VerbRatio,AdjRatio,QuotesCount,NegationCount,ExclamationCount,AbstractNounRatio
Dostoevsky,Ёлка и свадьба,0.8927309470382886,0.000151763737748,Достоевский,4.17,0.0967741935483871,15532,5.784,10.905,0.257,0.556,0.5707,0.1644,0.1369,2,48,15,0.0082
Chekhov,Агафья,0.8990524764404311,0.0001574220721443,Чехов,4.068,0.1771771771771771,18893,5.402,7.923,0.196,0.605,-0.7808,0.178,0.115,12,75,51,0.0105
Bryusov,Алтарь победы,0.8944869452557427,0.0003099306858175,Брюсов,4.273,0.1784561197534487,864973,5.725,16.944,0.247,0.228,-0.7491,0.1572,0.1412,516,3007,747,0.0167
Tolstoy,Альберт,0.874819357641074,0.0001519940957523,Толстой,3.77,0.1540577716643741,50918,5.504,9.312,0.212,0.403,0.5709,0.1902,0.1022,111,231,85,0.0103
Chekhov,Альбом,0.8824817466717464,0.000148357623535,Чехов,4.5,0.2321428571428571,3823,5.883,9.0,0.254,0.776,0.5708,0.1568,0.1627,0,16,10,0.006
Tolstoy,Алёша горшок,0.8272077896022012,0.0001210475448587,Толстой,4.055,0.0657894736842105,10341,4.97,9.091,0.144,0.532,0.5708,0.221,0.0671,22,33,3,0.0029
Tolstoy,Анна Каренина,0.8782031420687544,0.0002169177847014,Толстой,4.327,0.1260315078769692,1778358,5.487,11.226,0.224,0.149,-0.0211,0.168,0.1116,2295,8094,1574,0.0141
Chekhov,Анна на шее,0.8717201904010329,0.0002004553450191,Чехов,4.216,0.1598173515981735,24707,5.513,15.167,0.228,0.535,-0.7515,0.1611,0.1129,28,83,32,0.0104
Chekhov,Анюта,0.9038325803841408,0.0001372756563666,Чехов,3.934,0.2230215827338129,7439,5.481,7.329,0.202,0.648,0.571,0.1834,0.1035,4,29,18,0.0059
Chekhov,Аптекарша,0.9063395209230336,0.0001373074936974,Чехов,4.162,0.2443438914027149,9357,5.641,5.507,0.212,0.651,0.5708,0.1753,0.0806,6,32,52,0.0016
Pushkin,Арап Петра Великого,0.9101026045264058,0.0002280027615145,Пушкин,4.317,0.080281690140845,61810,5.961,11.137,0.28,0.517,0.5702,0.166,0.1393,79,231,30,0.0161
Chekhov,Ариадна,0.8683420577762098,0.0002310831063547,Чехов,4.255,0.2124248496993988,50766,5.426,14.008,0.209,0.47,0.5709,0.1621,0.1179,48,171,56,0.0148
Chekhov,Архиерей,0.8844397361596941,0.0002076493323507,Чехов,3.997,0.215633423180593,29506,5.501,10.831,0.201,0.492,-0.5849,0.178,0.1199,30,109,66,0.011
Turgenev,Ася,0.8602732074748125,0.0001885755767179,Тургенев,4.248,0.1127029608404966,86784,5.418,11.288,0.215,0.401,-0.0252,0.1866,0.1161,106,412,68,0.0102
Chekhov,"Ах, зубы",0.8940793354182104,0.0001279440636055,Чехов,3.777,0.3932584269662921,3999,5.522,6.112,0.204,0.743,-0.4362,0.1824,0.1158,2,8,30,0.0037
Lermontov,Ашик-Кериб,0.86969125561344,0.000140492285935,Лермонтов,3.817,0.079646017699115,15464,5.056,18.468,0.13,0.5,-0.7855,0.1929,0.1004,150,55,6,0.0048
Chekhov,Бабы,0.8801793989105737,0.0002154877812225,Чехов,4.12,0.1902017291066282,23964,5.368,9.42,0.173,0.558,-0.6147,0.2053,0.094,42,94,39,0.0074
Chekhov,Баран и барышня,0.8779763985791104,0.0001279413743151,Чехов,3.95,0.1826086956521739,3534,5.338,4.103,0.21,0.712,0.5707,0.1945,0.0695,2,17,15,0.0021
Chekhov,Барыня,0.8889183466037655,0.0001966646367576,Чехов,4.213,0.3175675675675675,34893,5.295,4.739,0.166,0.491,-0.7651,0.2191,0.086,11,190,278,0.0059
Chekhov,Беглец,0.8775077246880524,0.0001389258383039,Чехов,4.029,0.21,13130,5.46,9.194,0.195,0.599,0.5708,0.1932,0.0996,2,39,34,0.006
Chekhov,Беда 1886,0.8861010600106612,0.0001894434142852,Чехов,-1.0,0.3243243243243243,6909,5.523,8.425,0.215,0.708,-0.7848,0.186,0.1197,16,44,23,0.0084
Chekhov,Беда 1887,0.8665892898191491,0.0001559595316788,Чехов,-1.0,0.1870967741935484,11647,5.439,10.59,0.213,0.596,-0.7517,0.1785,0.1126,4,60,12,0.0085
Dostoevsky,Бедные люди,0.8707021279525362,0.0002201017243416,Достоевский,4.002,0.2968377088305489,254072,5.184,11.639,0.188,0.251,0.5708,0.1738,0.1195,197,1208,712,0.0097
Chekhov,Беззащитное существо,0.8889276048809714,0.0001343769888193,Чехов,4.146,0.3630952380952381,8579,5.728,6.698,0.247,0.613,0.5708,0.1855,0.1087,6,32,41,0.0106
Chekhov,Белолобый,0.8622136859485389,0.000151271476164,Чехов,4.22,0.1698113207547169,10006,5.33,12.812,0.165,0.606,-0.7652,0.1797,0.0997,18,21,17,0.0077
Dostoevsky,Белые ночи,0.8547093868811787,0.0001848617098645,Достоевский,4.223,0.3488168273444347,101961,5.117,12.882,0.183,0.288,-0.2761,0.1817,0.1126,90,615,365,0.008
Bryusov,Бемоль,0.8762704577807201,0.0001629310943058,Брюсов,3.892,0.0701754385964912,11798,6.03,12.414,0.286,0.643,0.5709,0.1567,0.1403,12,32,1,0.0111
Chekhov,Беседа пьяного с трезвым чёртом,0.9040945689961168,0.0001561306474356,Чехов,4.273,0.1428571428571428,3549,5.651,6.829,0.247,0.793,0.5707,0.1805,0.1036,4,14,4,0.0275
Dostoevsky,Бесы,0.8975185412274552,0.0002859229907908,Достоевский,4.436,0.1787347300894015,1300178,5.524,11.537,0.232,0.178,0.5707,0.1621,0.1191,1906,5719,1864,0.0111
Dostoevsky,Бобок,0.8946606722328941,0.0002555843058247,Достоевский,4.332,0.2716297786720322,30227,5.547,7.679,0.233,0.483,-0.755,0.1556,0.1233,44,156,109,0.0098
Tolstoy,Божеское и человеческое,0.8700871802727609,0.0001960774761719,Толстой,3.881,0.1454311454311454,68161,5.618,11.603,0.239,0.419,-0.7855,0.1712,0.1272,139,277,45,0.0151
Chekhov,Брак по расчёту,0.903206237917705,0.0001901100696522,Чехов,4.157,0.2827586206896552,7500,5.668,6.877,0.247,0.68,-0.7563,0.1703,0.1316,4,31,38,0.0189
Dostoevsky,Братья Карамазовы,0.888170219231989,0.0002686624696874,Достоевский,4.525,0.2077072472656648,1846193,5.326,12.902,0.204,0.149,-0.7872,0.1644,0.1159,3774,8222,3106,0.0107
Chekhov,Брожение умов,0.9049197150854268,0.0001705611686009,Чехов,3.927,0.456,6568,5.816,6.984,0.265,0.71,0.5708,0.1873,0.0977,6,31,53,0.0148
Chekhov,Бумажник,0.8902201599076414,0.0001453905549118,Чехов,4.142,0.1666666666666666,4885,5.385,8.613,0.186,0.685,-0.0588,0.158,0.1208,6,12,7,0.0044
Gorky,Бывшие люди,0.9066290987789232,0.0002476727978872,Горький,3.621,0.2404482934284259,113351,5.585,7.846,0.221,0.416,-0.7941,0.1696,0.1096,50,348,313,0.0121
Chekhov,В аптеке,0.8999321598452209,0.0001476317877948,Чехов,4.205,0.2123893805309734,7294,5.78,8.143,0.244,0.703,-0.777,0.163,0.1067,14,24,16,0.0105
Bryusov,В башне,0.873097392873017,0.0001886312519318,Брюсов,-1.0,0.198019801980198,9158,5.494,11.413,0.209,0.687,-0.7844,0.1555,0.1483,0,24,11,0.0211
Chekhov,В вагоне,0.9040836431405131,0.0001901176475682,Чехов,4.024,0.3423728813559322,9392,5.474,4.237,0.212,0.64,0.5709,0.1806,0.098,14,41,104,0.0079
Bryusov,В зеркале,0.8447384255227919,0.0002137810136311,Брюсов,4.045,0.1739130434782608,22392,5.74,11.932,0.251,0.536,-0.0241,0.1657,0.1665,6,50,9,0.0189
Gorky,В людях,0.9078683810753048,0.0003753654501817,Горький,4.317,0.2850467289719626,1191308,5.473,13.033,0.199,0.225,-0.3999,0.1678,0.1101,1796,3445,2765,0.0086
Chekhov,В овраге,0.8881039138429303,0.0002630612269924,Чехов,4.3,0.2179616548940464,71316,5.323,10.123,0.176,0.415,-0.6864,0.183,0.1051,60,282,182,0.0081
Bryusov,В подземной тюрьме,0.8938973015557456,0.0001609340105181,Брюсов,3.715,0.1568627450980392,21733,5.741,13.005,0.237,0.614,-0.7886,0.1603,0.1361,0,72,18,0.013
Chekhov,В потёмках,0.8940011688278615,0.0001782072296376,Чехов,4.007,0.3214285714285714,7844,5.342,5.503,0.184,0.647,-0.7848,0.1822,0.0904,4,26,51,0.0064
Chekhov,В ссылке,0.8774306533422669,0.0002130557623742,Чехов,4.013,0.2653846153846154,16854,5.154,9.176,0.153,0.543,-0.3123,0.1786,0.1065,22,85,47,0.0094
Gorky,В степи,0.8950271416051342,0.0002354324733564,Горький,2.715,0.2398081534772182,21630,5.427,7.132,0.194,0.576,-0.2623,0.1792,0.1261,68,80,69,0.0138
Chekhov,В суде,0.9081396774770922,0.0002338130385862,Чехов,4.054,0.1780821917808219,12519,5.835,11.388,0.269,0.684,-0.7873,0.1556,0.1481,12,64,12,0.0197
Chekhov,Ванька,0.8934497274414018,0.00020305407906,Чехов,4.369,0.1219512195121951,7194,5.582,12.0,0.188,0.739,-0.7974,0.1836,0.1024,10,21,5,0.006
Chekhov,Ведьма,0.8968712074154388,0.0001865659906204,Чехов,4.174,0.2863961813842482,21733,5.389,7.276,0.197,0.559,0.5707,0.1837,0.1041,4,76,110,0.0079
Chekhov,Верочка,0.8869338751820974,0.0002105298566299,Чехов,4.071,0.2252559726962457,24224,5.588,11.164,0.22,0.575,-0.7883,0.1587,0.1236,16,100,45,0.0144
Gogol,Вечера на хуторе близ Диканьки,0.9104664542203944,0.0003246536320068,Гоголь,4.266,0.3136083628896771,402125,5.334,10.223,0.189,0.286,0.5709,0.1723,0.1152,542,1877,1618,0.0078
Dostoevsky,Вечный муж,0.8787589006380324,0.000182831811664,Достоевский,4.533,0.2347737325620959,275512,5.455,12.663,0.23,0.256,-0.7915,0.163,0.1058,611,1173,614,0.0102
Turgenev,Вешние воды,0.8959229170737972,0.0001875858786479,Тургенев,4.29,0.2106907323845886,252827,5.612,11.53,0.241,0.323,-0.31,0.1713,0.1209,530,1012,685,0.0115
Gogol,Вий,0.9023766736292032,0.0002590759151186,Гоголь,4.282,0.1784922394678492,74616,5.52,11.368,0.203,0.431,-0.7819,0.1695,0.1299,74,246,138,0.011
Chekhov,Винт,0.8950650038747595,0.0001288242056426,Чехов,3.966,0.2136752136752136,6579,5.687,7.325,0.266,0.67,-0.7822,0.1709,0.1461,10,19,26,0.0114
Chekhov,Вишнёвый сад,0.906440699366003,0.0001644946878847,Чехов,4.173,0.1936720997123681,86929,5.318,4.997,0.182,0.352,-0.7844,0.1834,0.0927,70,369,307,0.0088
Chekhov,Водевиль,0.8945491075148705,0.0001659266458876,Чехов,3.961,0.2716763005780346,6799,5.445,5.286,0.2,0.662,0.5708,0.1925,0.0886,12,26,36,0.0076
Tolstoy,Война и мир. Том 1,0.912144628652052,0.0003212181639061,Толстой,4.322,0.1125687685146,825013,5.688,10.919,0.244,0.227,0.9923,0.1538,0.1262,1442,2491,928,0.0137
Tolstoy,Война и мир. Том 2,0.8936160347484984,0.0002401008143113,Толстой,4.322,0.0873259174914601,855571,5.502,9.198,0.214,0.201,-0.7855,0.1543,0.1197,857,3057,781,0.0131
Tolstoy,Война и мир. Том 3,0.906822887448304,0.0003127938636993,Толстой,4.298,0.1035555094848139,920929,5.704,12.063,0.247,0.221,-0.791,0.1521,0.1284,1285,2924,838,0.0171
Tolstoy,Война и мир. Том 4,0.9052104592561632,0.0003072084001611,Толстой,4.322,0.0747223157186132,900279,5.853,12.565,0.265,0.223,-0.7693,0.1404,0.1427,1859,2937,414,0.0238
Chekhov,Володя,0.8737349998236729,0.0001537259804491,Чехов,4.242,0.2286501377410468,23420,5.336,8.987,0.198,0.516,-0.2992,0.1886,0.1108,40,95,59,0.007
Chekhov,Восклицательный знак,0.8854557625822294,0.0001447709823027,Чехов,4.07,0.1935483870967742,8333,5.751,6.376,0.237,0.62,0.5708,0.1742,0.1224,43,30,34,0.0181
Tolstoy,Воскресение,0.8877826137658634,0.0002256622854506,Толстой,4.312,0.0913827237678441,911515,5.733,12.371,0.258,0.209,0.5703,0.1596,0.1285,792,3142,274,0.0159
Bryusov,Восстание машин,0.902735307839026,0.0002428654797351,Брюсов,3.382,0.1363636363636363,15114,6.145,16.802,0.316,0.641,-0.7887,0.1546,0.1401,38,54,11,0.0185
Chekhov,Враги,0.8911246961529552,0.0001846786021874,Чехов,4.473,0.3796791443850268,25317,5.603,9.255,0.217,0.552,0.5708,0.1706,0.1346,2,118,101,0.0138
Rudnev,Время собирать копья,0.921536059714016,0.0001477917559136,Руднев,-1.0,0.1576763485477178,19182,5.771,10.749,0.245,0.584,-0.7873,0.1753,0.1022,2,45,28,0.0142
Chekhov,Встреча весны,0.903453215941538,0.0002184685810079,Чехов,4.038,0.1518987341772152,5870,5.861,9.738,0.239,0.806,0.5705,0.1363,0.1458,6,29,5,0.0206
Gorky,Вывод,0.8932847307663242,0.000182766600936,Горький,4.132,0.1951219512195122,4176,5.698,13.659,0.193,0.782,-0.7602,0.1393,0.1464,8,8,6,0.0143
Chekhov,Выигрышный билет,0.8857020478052252,0.0001827367046516,Чехов,4.3,0.2635658914728682,8572,5.236,9.28,0.168,0.621,-0.0328,0.1768,0.0955,10,38,25,0.0098
Lermontov,Герой нашего времени,0.8911069046615998,0.0002738316211512,Лермонтов,4.319,0.1776536312849162,281815,5.441,10.616,0.211,0.302,-0.7554,0.1808,0.1145,309,1091,577,0.0128
Chekhov,Глупый француз,0.8900739974028946,0.000149313194261,Чехов,4.083,0.3106060606060606,5822,5.243,5.824,0.16,0.635,0.5708,0.1998,0.0911,18,31,43,0.0036
Bryusov,Гора Звезды,0.8936274361479961,0.0002432844091253,Брюсов,2.812,0.1586469747498809,134312,5.488,8.252,0.205,0.374,-0.0245,0.1844,0.1147,24,392,185,0.0141
Chekhov,Горе,0.8978033032793382,0.0001669282137595,Чехов,4.354,0.3990147783251232,9806,5.283,6.668,0.176,0.605,-0.0876,0.192,0.0924,24,57,65,0.01
Gorky,Город жёлтого дьявола,0.9107103577678624,0.0002750882746621,Горький,4.117,0.2788461538461538,22743,5.767,14.735,0.205,0.61,-0.7844,0.1256,0.1602,14,36,5,0.0154
Dostoevsky,Господин Прохарчин,0.8944976736628134,0.0002430844207507,Достоевский,3.897,0.237037037037037,65535,5.679,21.178,0.25,0.426,0.57,0.1548,0.1317,56,250,77,0.0092
Chekhov,Гость,0.8996004356205105,0.0001673112795626,Чехов,4.106,0.2407407407407407,7203,5.677,5.685,0.244,0.693,0.5707,0.2046,0.1141,16,30,29,0.0115
Chekhov,Грешник из Толедо,0.8781306762008337,0.0001265726607617,Чехов,4.085,0.2307692307692308,10660,5.469,8.912,0.22,0.589,-0.7903,0.1648,0.1325,10,46,36,0.0172
Chekhov,Гриша,0.8685122433894796,0.0001286976932004,Чехов,4.159,0.2022471910112359,5586,5.373,8.856,0.174,0.679,0.5708,0.1794,0.1054,2,16,15,0.01
Chekhov,Гусев,0.8971261636316961,0.0002133416934982,Чехов,3.857,0.1752577319587628,23799,5.36,8.522,0.17,0.547,0.5708,0.1852,0.1028,20,116,36,0.0084
Chekhov,Дама с собачкой,0.8612885444726954,0.0001858579088927,Чехов,4.12,0.174757281553398,30964,5.299,14.178,0.199,0.477,-0.2405,0.1818,0.1158,36,122,28,0.011
Chekhov,Дачники,0.8941044640519858,0.0001528693656184,Чехов,4.144,0.375,3229,5.543,6.906,0.21,0.803,-0.7836,0.1574,0.1041,0,7,25,0.0113
Chekhov,Дачница,0.8958555971928062,0.0001707667698151,Чехов,4.075,0.2131147540983606,4677,5.789,9.828,0.238,0.76,-0.4683,0.1486,0.1334,14,17,8,0.008
Tolstoy,Два гусара,0.9021387904567972,0.0002572153694725,Толстой,4.099,0.1699794379712131,110940,5.553,10.264,0.217,0.38,0.5701,0.1695,0.1112,130,439,222,0.0107
Dostoevsky,Два самоубийства,0.8966766209216757,0.0002004189145044,Достоевский,3.889,0.16,6566,5.579,17.192,0.225,0.663,0.5708,0.1305,0.1659,25,33,7,0.0179
Chekhov,Два скандала,0.8596625614276621,0.0001740792188024,Чехов,4.088,0.3285714285714285,19513,5.414,7.884,0.213,0.544,-0.7659,0.1814,0.1201,29,80,96,0.0083
Chekhov,Двадцать девятое июня,0.8799074771634535,0.0001612951231178,Чехов,3.882,0.3164179104477612,12655,5.611,4.991,0.233,0.607,0.5709,0.2138,0.0961,4,75,91,0.0036
Gorky,Двадцать шесть и одна,0.8593098220540483,0.0001803592223083,Горький,3.908,0.2522796352583587,26313,5.144,11.725,0.171,0.486,0.5708,0.158,0.117,10,106,60,0.0082
Dostoevsky,Двойник,0.8952736036419942,0.000172123009984,Достоевский,3.704,0.1821638437608019,321812,5.73,14.841,0.277,0.237,0.5703,0.1521,0.1341,420,1191,497,0.0101
Turgenev,Дворянское гнездо,0.8921581717640544,0.0002153048184943,Тургенев,4.235,0.1138662316476345,304989,5.586,13.201,0.245,0.303,0.5681,0.1752,0.1248,539,1344,274,0.0111
Blok,Девушка розовой калитки и муравьиный царь,0.9168796132595411,0.0003119676496874,Блок,-1.0,0.125,21631,5.848,12.19,0.245,0.676,-0.7753,0.1242,0.2118,63,58,7,0.0215
Tolstoy,Декабристы,0.8908409158719915,0.0002671437775285,Толстой,3.628,0.0884289746001881,98385,5.551,12.479,0.225,0.4,-0.784,0.1614,0.1201,123,352,69,0.0128
Bryusov,Декадент,0.8897224631879664,0.0002297800795089,Брюсов,-1.0,0.1503311258278145,108306,5.743,8.92,0.255,0.408,-0.7878,0.1716,0.1239,299,327,128,0.0166
Gorky,Дело с застёжками,0.8987122112230828,0.0002223121594315,Горький,3.5,0.204225352112676,20278,5.427,6.424,0.212,0.581,0.5708,0.1672,0.0951,26,47,61,0.0111
Chekhov,День за городом,0.8960051539137424,0.0001540311413719,Чехов,4.274,0.1674641148325359,10898,5.495,7.204,0.199,0.657,0.5706,0.1767,0.1072,4,44,27,0.0072
Chekhov,Детвора,0.8930507564476906,0.0001680168252878,Чехов,4.176,0.2751322751322751,9328,5.541,6.774,0.211,0.638,-0.5799,0.1814,0.0855,2,47,46,0.0109
Tolstoy,Детство,0.8866265440906143,0.0002768118213755,Толстой,3.994,0.149375,191516,5.539,15.591,0.216,0.325,0.5708,0.1731,0.1281,229,717,175,0.0149
Chekhov,Дипломат,0.8619872389719483,0.0001506944177119,Чехов,4.315,0.35,7268,5.083,4.644,0.19,0.596,0.5708,0.2169,0.0718,2,59,63,0.0078
Bryusov,Дитя и безумец,0.8613129969064275,0.0001347263088986,Брюсов,3.587,0.02803738317757,6129,5.229,7.973,0.185,0.619,0.5708,0.2075,0.0685,4,28,0,0.0034
Dostoevsky,Дневник писателя,0.8962954253921025,0.0003299227289325,Достоевский,4.354,0.1358384623690746,1315224,5.75,18.287,0.255,0.192,-0.766,0.128,0.164,4579,5533,663,0.0215
Chekhov,Добрый знакомый,0.8732756874563871,0.0001442128296548,Чехов,4.25,0.4406779661016949,2371,5.311,5.61,0.169,0.773,-0.7696,0.1506,0.136,10,6,19,0.0242
Herzen,Доктор Крупов,0.9081812795228318,0.0002748297275035,Герцен,3.971,0.1272321428571428,56950,5.821,15.923,0.259,0.516,-0.7149,0.1515,0.1505,80,223,25,0.0216
Herzen,Долг прежде всего,0.9026933012355116,0.0002769753288889,Герцен,3.1,0.0662251655629139,130607,5.838,17.582,0.259,0.447,0.5708,0.1571,0.1349,262,457,26,0.0137
Chekhov,Дом с мезонином,0.878243277994473,0.0002306450869314,Чехов,4.431,0.142433234421365,34618,5.434,14.324,0.21,0.482,-0.0339,0.1667,0.1251,22,130,21,0.0121
Chekhov,Дома,0.8835688178189843,0.0002121809796878,Чехов,4.431,0.2145748987854251,17625,5.519,9.321,0.214,0.576,0.5709,0.1741,0.1096,30,79,43,0.0107
Dostoevsky,Домовой,0.8685805924921762,0.0001692144022355,Достоевский,2.625,0.1466666666666666,5570,5.145,10.827,0.174,0.635,0.5708,0.209,0.1158,0,21,4,0.0025
Chekhov,Дополнительные вопросы,0.8346718731599092,8.432538043195761e-05,Чехов,3.15,0.0,610,5.369,3.231,0.155,0.81,0.5708,0.069,0.1071,0,4,0,0.0119
Chekhov,Дорогая собака,0.8680526314729003,0.0001065013560672,Чехов,3.539,0.3851851851851852,4263,5.027,4.607,0.151,0.65,-0.7871,0.1772,0.0981,0,35,44,0.008
Chekhov,Дорогие уроки,0.8677364974292419,0.0001610246865445,Чехов,4.134,0.1583333333333333,12051,5.495,13.756,0.221,0.586,0.5708,0.1792,0.1107,12,46,12,0.0107
Chekhov,Дочь Альбиона,0.894001755495549,0.0001317364660175,Чехов,3.755,0.3924731182795699,6537,5.268,4.968,0.149,0.66,-0.7811,0.2119,0.0836,0,30,55,0.0054
Chekhov,Драма на охоте,0.8902968502457866,0.0002842664429617,Чехов,4.425,0.2360701267141121,340510,5.487,8.141,0.218,0.308,0.5708,0.1714,0.1269,409,1632,925,0.014
Pushkin,Дубровский,0.898273674805851,0.0002152503493945,Пушкин,4.226,0.0877437325905292,136337,5.816,12.585,0.273,0.39,-0.1436,0.1731,0.1245,59,532,62,0.016
Chekhov,Душечка,0.8652727898923518,0.0001888224221012,Чехов,4.132,0.2817460317460317,23473,5.361,13.213,0.205,0.527,-0.7051,0.1657,0.1068,30,70,54,0.0075
Chekhov,Дуэль,0.8868643116218982,0.000223355424072,Чехов,4.431,0.2218481107369996,194316,5.532,9.831,0.224,0.336,0.5708,0.1754,0.1098,206,722,382,0.011
Turgenev,Дым,0.8948268473807188,0.0002161218187585,Тургенев,4.178,0.1917083210820347,324062,5.625,12.49,0.257,0.309,-0.0437,0.1675,0.1248,648,1513,561,0.0126
Tolstoy,Дьявол,0.8522305254071001,0.0001736405105462,Толстой,4.12,0.0923593618807724,86800,5.144,10.471,0.176,0.334,0.5708,0.1871,0.0959,100,470,30,0.0091
Dostoevsky,Дядюшкин сон,0.891144959603488,0.0002210020768547,Достоевский,4.315,0.3780652115332794,269204,5.427,9.719,0.223,0.269,-0.7862,0.1646,0.1195,146,1036,1313,0.0102
Pushkin,Египетские ночи,0.9063261191470476,0.0001997430050434,Пушкин,4.051,0.0827338129496402,22339,5.928,10.224,0.277,0.641,0.5706,0.1632,0.1644,8,73,16,0.0146
Herzen,Елена,0.8971347330110673,0.0002678824424225,Герцен,3.662,0.1862595419847328,64802,5.565,12.654,0.226,0.48,0.5707,0.1678,0.1246,117,280,74,0.0131
Gorky,Емельян Пиляй,0.8852612842159905,0.0002363457148685,Горький,3.833,0.3375314861460957,21871,5.066,7.502,0.146,0.537,-0.7723,0.1711,0.0918,85,92,145,0.0072
Rudnev,"Жги, еретик!",0.8948138964459289,0.0001416545766327,Руднев,-1.0,0.3012048192771085,6165,5.485,10.393,0.214,0.663,-0.6952,0.1588,0.1042,2,27,14,0.0103
Bryusov,За себя или за другую,0.8702819623975833,0.000138470507018,Брюсов,4.413,0.25,16788,5.54,12.491,0.268,0.525,-0.7892,0.1817,0.1179,7,83,26,0.0107
Dostoevsky,Записки из подполья,0.8803160636802884,0.0002895298634375,Достоевский,4.303,0.2251440922190201,244923,5.448,11.748,0.216,0.293,0.5708,0.159,0.1248,629,1196,350,0.0138
Tolstoy,Записки маркера,0.8683689470444227,0.0001955070764826,Толстой,3.885,0.1529411764705882,29923,5.007,7.206,0.134,0.406,-0.7574,0.2374,0.0938,22,184,62,0.0081
Turgenev,Записки охотника,0.910366837842504,0.000364206608239,Тургенев,3.923,0.1769809876228148,658891,5.612,10.811,0.233,0.27,-0.6423,0.1762,0.1239,1596,2636,1328,0.0096
Tolstoy,Записки сумасшедшего,0.8277864281526067,0.0002106390202309,Толстой,3.889,0.1829573934837092,21833,5.183,7.813,0.174,0.473,-0.7059,0.2199,0.0875,30,118,0,0.0102
Bryusov,Защита,0.8439319257759379,0.0001873915709439,Брюсов,5.0,0.116504854368932,12320,5.343,8.515,0.2,0.603,-0.2547,0.1774,0.1271,6,58,9,0.0148
Chekhov,Злоумышленник,0.8866375172842634,0.0001335567823727,Чехов,4.0,0.2405063291139241,6681,5.127,6.089,0.158,0.614,-0.7853,0.1851,0.0904,2,35,28,0.0166
Gorky,Знахарка,0.912752841156056,0.000228945869034,Горький,3.25,0.1678321678321678,19590,5.328,9.581,0.174,0.609,-0.7718,0.1682,0.1123,27,77,22,0.0054
Dostoevsky,Игрок,0.8800927303513101,0.0002525319185798,Достоевский,4.278,0.2184648416532474,282627,5.356,10.21,0.202,0.25,0.5709,0.1744,0.102,308,1198,690,0.0122
Dostoevsky,Идиот,0.8860232039149161,0.0002448687543317,Достоевский,4.439,0.2240581155188377,1307580,5.449,12.686,0.223,0.153,0.5705,0.1675,0.1119,2076,6148,2720,0.0106
Tolstoy,Из записок князя Д. Нехлюдова (Люцерн),0.8856967744540679,0.0002687659689292,Толстой,3.974,0.1161137440758294,50013,5.733,15.768,0.245,0.471,-0.2414,0.1412,0.1531,44,196,24,0.0199
Chekhov,Ионыч,0.8756597668207282,0.0002017372910981,Чехов,4.021,0.1327683615819209,33625,5.485,12.803,0.222,0.475,-0.0131,0.1833,0.106,54,128,36,0.0084
Pushkin,История Пугачёва,0.9121749370125284,0.0003015245800006,Пушкин,3.965,0.0406844106463878,264917,6.161,12.383,0.308,0.356,-0.7858,0.1332,0.1382,312,478,43,0.023
Pushkin,История села Горюхина,0.8993155958320121,0.000315173080169,Пушкин,3.728,0.0494699646643109,30950,6.258,13.184,0.331,0.638,-0.7745,0.1336,0.1623,43,87,9,0.0229
Tolstoy,Кавказский пленник,0.8955636566023473,0.0001348232109631,Толстой,4.194,0.0987654320987654,41000,5.268,7.85,0.149,0.439,-0.7269,0.2627,0.0721,114,150,53,0.0048
Tolstoy,Казаки,0.8946182914668531,0.0002137482918369,Толстой,4.089,0.1572407883461868,289853,5.442,8.502,0.191,0.289,0.5708,0.1819,0.1032,271,1033,611,0.0095
Pushkin,Капитанская дочка,0.8896022536364937,0.0002739019116739,Пушкин,4.163,0.146168108776267,211888,5.699,8.458,0.254,0.339,0.5707,0.1835,0.112,633,775,368,0.0143
Chekhov,Каштанка,0.8789619068027411,0.0001980192879922,Чехов,4.272,0.2387706855791962,37612,5.505,12.044,0.216,0.47,-0.5419,0.1849,0.0987,26,112,91,0.0066
Pushkin,Кирджали,0.8870636908466897,0.0001350081781024,Пушкин,3.465,0.0986842105263158,11413,5.859,9.885,0.3,0.669,-0.7614,0.2027,0.1187,10,41,7,0.0143
Gogol,Коляска,0.9132579735125708,0.0002364298514416,Гоголь,4.415,0.1330798479087452,23221,5.847,11.279,0.251,0.566,0.5706,0.1447,0.1392,14,64,30,0.0104
Gorky,Коновалов,0.8838813966586825,0.0002536382825058,Горький,4.258,0.2479750778816199,93136,5.308,8.096,0.18,0.411,0.5709,0.1641,0.1105,150,354,283,0.0094
Tolstoy,Корней Васильев,0.8714161131342011,0.0001986985995316,Толстой,4.167,0.0934393638170974,31816,5.302,8.137,0.174,0.495,0.5705,0.1954,0.0996,22,91,10,0.0046
Dostoevsky,Короткая,0.8487081569198602,0.000212106881953,Достоевский,-1.0,0.2259767687434002,80155,5.141,11.771,0.173,0.338,0.5705,0.1761,0.102,189,421,169,0.0116
Tolstoy,Крейцерова соната,0.859334126114084,0.000223425396678,Толстой,4.006,0.1801373481246698,155398,5.3,11.344,0.201,0.296,-0.7848,0.1767,0.1145,178,835,134,0.0171
Dostoevsky,Крокодил,0.8962164146419239,0.0002496120718355,Достоевский,3.832,0.2030338389731621,71363,5.79,10.709,0.265,0.43,0.5709,0.1515,0.125,78,266,137,0.0127
Chekhov,Крыжовник,0.8864219879539712,0.0002260679275582,Чехов,4.047,0.1692307692307692,19765,5.327,14.439,0.179,0.561,-0.7901,0.169,0.1212,16,76,15,0.0117
Herzen,Кто виноват,0.904777793731401,0.0002987870726474,Герцен,3.853,0.1733646230566148,423226,5.64,15.731,0.236,0.3,0.57,0.1607,0.1354,535,1769,424,0.014
Herzen,Легенда,0.9003181938770359,0.0002620837409057,Герцен,3.25,0.1066350710900474,52173,5.686,15.234,0.233,0.517,0.5708,0.1582,0.1475,102,201,16,0.0196
Gorky,Ледоход,0.9137054705851452,0.0002711783227382,Горький,3.648,0.2737068965517241,38412,5.451,11.117,0.196,0.544,-0.7796,0.1675,0.1077,34,108,107,0.0081
Chekhov,Лошадиная фамилия,0.8908685158880526,0.0001580067281609,Чехов,4.272,0.2388888888888889,6198,5.673,4.5,0.231,0.68,-0.3114,0.1781,0.1025,0,44,38,0.0037
Gorky,Ма-аленькая!...,0.8889369443338111,0.0002100284349187,Горький,3.736,0.1574074074074074,8182,5.179,5.09,0.184,0.648,-0.1162,0.1711,0.0987,20,10,56,0.0071
Gorky,Макар Чудра,0.865645142427593,0.00015522799424,Горький,3.827,0.3746835443037975,23187,4.801,8.475,0.097,0.478,-0.7877,0.1879,0.087,38,107,152,0.0037
Dostoevsky,Маленький герой,0.8770550182257079,0.0002555834636857,Достоевский,4.038,0.1371794871794872,76671,5.439,15.938,0.216,0.41,-0.6224,0.1511,0.1554,24,318,59,0.0112
Dostoevsky,Мальчик у Христа на ёлке,0.8547207542288814,0.000178695293694,Достоевский,4.418,0.2708333333333333,10908,5.089,16.1,0.159,0.54,0.5708,0.1631,0.1112,20,37,21,0.0075
Gorky,Мать,0.9035134350103556,0.0002692669851419,Горький,3.893,0.302762077423483,560406,5.465,8.15,0.195,0.227,0.5708,0.1882,0.0977,342,1731,2490,0.0096
Tolstoy,Метель,0.8921731945074373,0.0002636479790648,Толстой,3.885,0.184251968503937,54273,5.493,11.755,0.2,0.427,-0.7841,0.1734,0.1147,36,173,101,0.0057
Gorky,Мещане,0.8893457792831521,0.0001583874923049,Горький,3.982,0.2655357742693987,152175,5.172,3.399,0.17,0.297,0.5708,0.1708,0.0775,52,804,1181,0.0075
Herzen,Мимоездом,0.8985576853920686,0.0001849847050338,Герцен,3.75,0.1636363636363636,5644,5.535,13.482,0.237,0.701,-0.3107,0.1755,0.1286,4,35,0,0.0239
Gorky,Мои университеты,0.9067055173801422,0.0003535937095406,Горький,4.317,0.2484334684850719,223870,5.591,11.12,0.215,0.381,-0.0116,0.1597,0.1151,371,607,465,0.0092
Bryusov,Моцарт,0.8988129301753983,0.0001531043090143,Брюсов,4.231,0.2230889235569422,113652,5.491,11.114,0.214,0.368,0.5709,0.1843,0.1106,222,401,207,0.012
Bryusov,Мраморная головка,0.8413608150428673,0.0001607139851725,Брюсов,4.106,0.1666666666666666,7268,5.212,9.811,0.185,0.642,0.5707,0.1902,0.135,14,39,7,0.0135
Turgenev,Муму,0.8902768465170487,0.000200151692516,Тургенев,3.904,0.1260794473229706,53532,5.468,12.573,0.212,0.45,-0.0525,0.1811,0.1087,46,190,70,0.0074
Gogol,Мёртвые души,0.9067416307026572,0.0002873741900284,Гоголь,4.147,0.1982518871672626,757969,5.64,13.268,0.236,0.248,-0.7073,0.1587,0.1295,1223,3364,1392,0.0136
Gorky,На дне,0.8955744678880438,0.000195741933491,Горький,3.902,0.3787643588947532,102123,4.979,4.475,0.123,0.323,0.5707,0.1807,0.0679,81,544,1150,0.0054
Gorky,На плотах,0.9087390281282588,0.0002319781103524,Горький,3.453,0.3572744014732965,23031,5.14,6.044,0.154,0.559,-0.7886,0.1594,0.1066,28,85,155,0.0069
Tolstoy,Набег,0.8986864435413123,0.0002855763798059,Толстой,3.804,0.0949367088607595,47524,5.8,12.959,0.253,0.516,0.5707,0.1587,0.1483,39,126,38,0.0151
Chekhov,Налим,0.8986941726448605,0.0001610574767993,Чехов,3.857,0.3562231759656652,8413,5.325,5.039,0.17,0.641,0.5703,0.1965,0.0716,4,35,80,0.0077
Gogol,Невский проспект,0.9001170135457324,0.0002581879016406,Гоголь,4.206,0.2161764705882353,72172,5.772,13.823,0.259,0.449,-0.0149,0.1448,0.1564,60,251,132,0.0169
Gorky,Несвоевременные мысли,0.9146730249162588,0.0003474056384612,Горький,3.982,0.2977558839627805,254186,6.199,17.381,0.31,0.357,-0.7849,0.1183,0.176,1044,952,137,0.0248
Dostoevsky,Неточка Незванова,0.8648236206583446,0.0002385031853015,Достоевский,4.223,0.2308635917566241,342027,5.388,11.838,0.21,0.235,-0.0115,0.1785,0.1206,81,1358,563,0.0123
Blok,"Ни сны, ни явь",0.9173629008596138,0.0002239124190326,Блок,-1.0,0.0824742268041237,6580,5.473,9.433,0.197,0.76,-0.7314,0.164,0.141,18,26,0,0.0109
Rudnev,Нити,0.9147429450750948,0.0001639813832441,Руднев,-1.0,0.09375,6540,5.765,14.188,0.254,0.696,0.5708,0.1604,0.1487,2,18,0,0.0209
Rudnev,Новый пес старого дома,0.9082160166890406,0.0002534870003762,Руднев,-1.0,0.1066012488849241,164632,5.469,10.465,0.223,0.305,0.5708,0.1892,0.0944,59,730,98,0.0119
Gogol,Нос,0.8920041222675169,0.0001898759826025,Гоголь,4.211,0.1985294117647058,49608,5.527,12.896,0.225,0.431,-0.7313,0.1624,0.1261,333,244,110,0.0103
Gogol,Ночи на вилле,0.8913494921088253,0.0001862213504349,Гоголь,4.206,0.1073825503355704,12165,5.747,9.697,0.257,0.614,0.5707,0.1135,0.1561,140,32,19,0.0188
Bryusov,Ночное путешествие,0.9014489659854228,0.0002146248176022,Брюсов,-1.0,0.0833333333333333,8480,5.778,14.681,0.247,0.716,-0.7678,0.1353,0.1768,2,20,1,0.0048
Gogol,Ночь перед Рождеством,0.9017527651206872,0.0002299573986615,Гоголь,4.433,0.3098712446351931,83226,5.346,10.004,0.188,0.391,-0.7846,0.1785,0.1115,86,393,346,0.0083
Chekhov,О любви,0.8593770183673579,0.0002101514611337,Чехов,4.216,0.0839160839160839,18241,5.337,18.252,0.201,0.523,-0.0128,0.1719,0.128,6,65,3,0.0096
Bryusov,Обручение Даши,0.9109509396067726,0.0002160810937393,Брюсов,4.029,0.1797676008202324,112360,5.619,10.108,0.233,0.416,-0.7845,0.1761,0.1137,462,433,177,0.014
Rudnev,Обуза,0.8760831366340092,0.0002627539831379,Руднев,-1.0,0.1004536616979909,169254,5.196,8.02,0.188,0.288,-0.69,0.2001,0.0785,65,864,123,0.0075
Bryusov,Огненный ангел,0.8926181149600241,0.000296274849284,Брюсов,3.947,0.206267029972752,630611,5.721,22.998,0.242,0.27,-0.7833,0.1396,0.1558,450,2164,569,0.0161
Gorky,Озорник,0.8934721117647328,0.000188485385829,Горький,3.375,0.2444444444444444,34510,5.631,7.886,0.236,0.524,-0.3613,0.1634,0.1096,28,103,104,0.0103
Tolstoy,Отец Сергий,0.8610206415174712,0.0001884217992148,Толстой,4.285,0.1068447412353923,82925,5.304,9.823,0.2,0.38,-0.0606,0.1793,0.1095,108,341,51,0.0121
Tolstoy,Отрочество,0.8821678640993479,0.0002850842133588,Толстой,3.994,0.1799844840961986,147250,5.554,14.092,0.222,0.351,0.5709,0.1668,0.1339,272,567,189,0.015
Turgenev,Отцы и дети,0.9015733688814924,0.0002549956469763,Тургенев,4.276,0.1399410774410774,370304,5.646,10.093,0.248,0.291,-0.1397,0.1712,0.1159,692,1613,514,0.0117
Rudnev,Павлин-птица гордая,0.89924696321528,0.0002299203584522,Руднев,-1.0,0.099644128113879,183655,5.525,11.323,0.219,0.283,0.5708,0.1866,0.1038,222,734,110,0.0106
Chekhov,Палата №6,0.8879452290372889,0.000243340077991,Чехов,4.386,0.2478920741989882,102804,5.65,11.832,0.23,0.41,0.5701,0.1612,0.1187,59,441,168,0.0174
Turgenev,Первая любовь,0.864077718088404,0.0002374325589003,Тургенев,4.248,0.1267908309455587,118428,5.488,11.23,0.227,0.374,-0.7877,0.1842,0.1167,184,500,143,0.0109
Chekhov,Пересолил,0.8889823820379797,0.0001415447311717,Чехов,4.201,0.2514285714285714,7167,5.322,5.55,0.2,0.65,0.5708,0.1947,0.0881,10,37,33,0.009
Gorky,Песня о Буревестнике,0.8280347712934555,9.452023635629394e-05,Горький,4.187,0.24,1679,5.358,9.6,0.113,0.725,-0.7341,0.155,0.0917,0,3,7,0.0125
Gorky,Песня о соколе,0.8839768837002995,0.0001923722352705,Горький,4.035,0.1532258064516129,8345,5.325,9.148,0.158,0.687,-0.7855,0.1476,0.1291,38,20,29,0.006
Dostoevsky,Петербургские сновидения в стихах и в прозе,0.8918940696965744,0.0002858178405354,Достоевский,3.481,0.1666666666666666,47952,5.692,12.292,0.245,0.498,-0.788,0.1429,0.1432,86,181,63,0.0159
Pushkin,Пиковая дама,0.8972741064030976,0.0001796267907768,Пушкин,4.24,0.1458923512747875,46773,5.744,8.752,0.249,0.486,0.5708,0.1811,0.1284,36,180,92,0.0128
Rudnev,Пиромант поневоле,0.910791290716575,0.000101526909659,Руднев,-1.0,0.2528735632183908,7391,5.946,11.287,0.264,0.677,-0.79,0.1782,0.1599,0,16,12,0.0193
Pushkin,Повести Белкина,0.8979982065787881,0.0002843365561634,Пушкин,4.389,0.0978260869565217,124375,5.736,11.432,0.258,0.413,-0.7873,0.1752,0.1304,370,503,115,0.0158
Gogol,"Повесть о том, как поссорился Иван Иванович с Иваном Никифоровичем",0.8978253906766481,0.0001952802217966,Гоголь,4.15,0.3066666666666666,93121,5.711,10.875,0.251,0.391,0.5707,0.1567,0.1281,71,354,307,0.0143
Herzen,Повреждённый,0.9037062373156752,0.0002883622538518,Герцен,3.885,0.1302083333333333,45485,5.465,15.051,0.211,0.502,-0.784,0.1699,0.1219,91,222,15,0.0128
Bryusov,Под Старым мостом,0.8995268599374797,0.0001274972572326,Брюсов,3.5,0.1066666666666666,27906,5.567,9.152,0.212,0.539,-0.7733,0.1982,0.1073,8,77,21,0.0096
Dostoevsky,Подросток,0.8708339955063962,0.0002575877463036,Достоевский,4.179,0.1990936780328356,1246059,5.266,11.911,0.198,0.16,-0.0931,0.168,0.1144,2242,5677,1875,0.0103
Dostoevsky,Ползунков,0.8970347413155919,0.0002343092610012,Достоевский,3.483,0.4919354838709678,28735,5.311,9.561,0.198,0.484,-0.7782,0.1906,0.1117,90,99,212,0.0095
Tolstoy,Поликуша,0.8914456872122545,0.0002316563003113,Толстой,4.322,0.1232777374909354,106366,5.429,10.579,0.194,0.38,0.5708,0.1976,0.09,132,504,125,0.0057
Gogol,Портрет,0.8949992663746836,0.0002603738286642,Гоголь,4.351,0.1477045908183632,114356,5.815,14.887,0.263,0.409,-0.7802,0.1565,0.1552,111,414,87,0.0144
Tolstoy,После бала,0.853697609270162,0.0002135741701709,Толстой,3.944,0.055,18834,5.4,12.665,0.218,0.533,0.5708,0.1569,0.1303,22,96,1,0.0064
Bryusov,Последние мученики,0.9069646150804526,0.0002742682541652,Брюсов,2.5,0.157051282051282,23131,5.958,9.764,0.276,0.629,0.5708,0.1543,0.1673,8,69,18,0.0289
Bryusov,Последние страницы из дневника женщины,0.8635672134111951,0.0001875918619457,Брюсов,4.059,0.2072617246596066,100402,5.423,10.416,0.208,0.37,0.5695,0.1771,0.1228,118,436,142,0.015
Tolstoy,Праведный судья,0.8141694712780101,8.217936923309226e-05,Толстой,4.125,0.0131578947368421,4891,4.973,9.103,0.104,0.51,0.5708,0.2448,0.0606,2,15,0,0.0014
Bryusov,Предсмертный бред Вергилия,0.9289330262044192,0.0002128085795739,Брюсов,-1.0,0.1074380165289256,10666,6.147,10.894,0.293,0.725,-0.756,0.1394,0.1304,27,28,12,0.0187
Gorky,Проходимец,0.883331808909328,0.0002919183790754,Горький,3.941,0.2245681381957773,66810,5.337,8.537,0.188,0.452,0.5708,0.1786,0.1069,180,228,172,0.0139
Tolstoy,Работник Емельян и пустой барабан,0.8451956267313208,0.0001003095817787,Толстой,3.833,0.0447154471544715,13423,5.016,7.649,0.131,0.436,-0.778,0.2933,0.0526,8,87,4,0.0026
Tolstoy,Разжалованный,0.8733355789701536,0.0002261345945808,Толстой,4.247,0.1583333333333333,49915,5.471,13.194,0.222,0.425,-0.7851,0.1651,0.1165,22,201,28,0.0105
Bryusov,"Рассказы Маши, с реки Мологи, под городом Устюжна",0.8651993491360163,0.0001694138687779,Брюсов,4.0,0.0939597315436241,9686,5.083,8.937,0.11,0.532,-0.2639,0.2472,0.0626,84,42,3,0.0035
Gogol,Ревизор,0.9028743303448394,0.0001795030691296,Гоголь,4.075,0.2358490566037736,138159,5.532,5.394,0.233,0.296,-0.79,0.1627,0.0984,241,694,677,0.0133
Bryusov,Республика Южного Креста,0.920798602113706,0.0002915624370913,Брюсов,3.812,0.0984848484848484,45367,6.698,12.922,0.366,0.577,-0.7667,0.1259,0.1902,48,71,1,0.0326
Bryusov,Рея Сильвия,0.8984117900865937,0.0002111455294089,Брюсов,4.1,0.125,57522,5.741,14.085,0.239,0.464,-0.7806,0.1405,0.1477,15,176,38,0.015
Gogol,Рим,0.9106497062715396,0.0003248025226114,Гоголь,4.415,0.1242362525458248,84485,6.012,20.546,0.276,0.502,-0.7518,0.1186,0.1797,71,211,55,0.0167
Gorky,Рождение человека,0.9109501311818184,0.0002837029305665,Горький,3.983,0.1877934272300469,17352,5.476,11.047,0.182,0.653,-0.7893,0.158,0.1277,12,18,24,0.0089
Dostoevsky,Роман в девяти письмах,0.8755279665815289,0.0002186055251459,Достоевский,3.792,0.246031746031746,24147,5.725,12.909,0.256,0.511,0.5708,0.1446,0.1544,4,108,25,0.0083
Pushkin,Рославлев,0.8997622381431349,0.0001952343568332,Пушкин,3.808,0.1584905660377358,21420,5.881,10.032,0.277,0.605,-0.7822,0.1692,0.1466,64,74,25,0.0256
Tolstoy,Рубка леса,0.9001841375601073,0.0002736997457856,Толстой,3.721,0.13875,69084,5.617,11.48,0.225,0.433,0.5707,0.163,0.1274,82,204,89,0.0134
Herzen,С того берега,0.9149369461486304,0.0003309357227468,Герцен,4.583,0.2037108620023192,352921,5.865,15.957,0.269,0.292,-0.7456,0.1488,0.1489,333,1833,149,0.0277
Tolstoy,Севастополь в августе 1855 года,0.8993312458959257,0.0002585776478581,Толстой,3.983,0.2016871165644172,120473,5.715,11.926,0.235,0.381,-0.7875,0.1558,0.1301,90,386,204,0.0118
Tolstoy,Севастополь в декабре месяце,0.8923363699119384,0.0002351378895355,Толстой,3.896,0.067193675889328,30917,5.852,20.969,0.257,0.523,-0.79,0.1321,0.1657,56,75,17,0.0173
Tolstoy,Севастополь в мае,0.8962497516193285,0.000242875838811,Толстой,3.983,0.1329479768786127,85974,5.577,13.331,0.225,0.389,0.5708,0.1537,0.1258,151,304,117,0.0108
Dostoevsky,Село Степанчиково и его обитатели,0.8907130846879951,0.0002464009314006,Достоевский,4.325,0.3108375132998936,429077,5.464,8.772,0.221,0.243,0.5704,0.1739,0.1104,411,1786,1845,0.0102
Tolstoy,Семейное счастье,0.8301201000803886,0.0002039211192937,Толстой,3.994,0.1560597675705589,165129,5.2,12.777,0.187,0.268,-0.3755,0.181,0.1072,138,799,125,0.0107
Bryusov,Семь земных соблазнов,0.9011064890728676,0.0003035756597147,Брюсов,3.5,0.1451612903225806,76222,5.922,14.926,0.279,0.499,-0.7661,0.1505,0.1749,106,213,34,0.0203
Bryusov,Сестры,0.882634796812499,0.000204798230487,Брюсов,2.703,0.2283813747228381,27379,5.35,8.566,0.193,0.507,0.5705,0.1785,0.1189,7,86,43,0.014
Blok,"Сказка о той, которая не поймет её",0.8342619653414198,0.0001782858606212,Блок,2.875,0.0434782608695652,6546,5.738,19.304,0.233,0.691,0.5707,0.1299,0.1858,4,13,0,0.0101
Gorky,Сказки об Италии,0.9094232241000249,0.0003182277193177,Горький,3.865,0.2436285097192224,249473,5.444,14.489,0.18,0.327,0.5709,0.1529,0.1264,270,624,532,0.0098
Dostoevsky,Скверный анекдот,0.8900696123160221,0.0002269627902504,Достоевский,4.196,0.1557195571955719,106389,5.646,10.414,0.244,0.366,-0.0258,0.1675,0.1209,154,367,146,0.0136
Herzen,Скуки ради,0.9080806939155736,0.0003425358579115,Герцен,3.417,0.1604651162790697,90016,5.659,12.402,0.241,0.495,0.5708,0.15,0.1429,239,397,65,0.0155
Dostoevsky,Слабое сердце,0.870175617663404,0.0001332503593978,Достоевский,3.954,0.3225589225589225,84123,5.191,7.84,0.182,0.317,-0.6629,0.1945,0.088,84,417,459,0.0076
Tolstoy,Смерть Ивана Ильича,0.8630874045375182,0.0001861109081941,Толстой,4.42,0.1492537313432835,109000,5.453,12.448,0.222,0.336,-0.7879,0.1742,0.1122,172,420,35,0.0173
Chekhov,Смерть чиновника,0.8699943413567872,0.0001313074453385,Чехов,4.117,0.3020833333333333,4602,5.702,6.07,0.278,0.664,-0.7645,0.2338,0.0725,16,32,28,0.0115
Blok,Сограждане,0.8930607888330565,0.0001817455121967,Блок,4.0,0.072463768115942,5919,5.886,11.072,0.263,0.724,-0.7715,0.1535,0.1492,0,16,3,0.0065
Dostoevsky,Сон смешного человека,0.8304420801582358,0.0001951807464027,Достоевский,4.268,0.2040816326530612,44609,5.069,15.406,0.169,0.368,0.5704,0.1723,0.1289,40,234,39,0.0146
Herzen,Сорока-воровка,0.8913960106731438,0.000261887640379,Герцен,3.869,0.1438356164383561,46169,5.549,13.186,0.224,0.495,-0.763,0.1713,0.1267,117,214,37,0.017
Gogol,Старосветские помещики,0.8968242389032381,0.0001835233322647,Гоголь,4.321,0.1689008042895442,46349,5.755,16.566,0.269,0.479,-0.7567,0.1589,0.14,30,157,49,0.0143
Gorky,Старуха Изергиль,0.8588440241135539,0.0002110484020253,Горький,4.026,0.2282768777614138,40288,4.959,8.47,0.128,0.429,-0.6717,0.1895,0.1072,60,125,108,0.0055
Turgenev,Стихотворения в прозе,0.903809002055108,0.0003242291718202,Тургенев,4.291,0.303637713437268,103420,5.541,10.179,0.216,0.453,-0.7833,0.1609,0.1644,112,440,365,0.0126
Gorky,Страсти-мордасти,0.8985026230852151,0.0002596151071412,Горький,4.245,0.2589473684210526,26217,5.395,7.472,0.191,0.562,-0.7659,0.1799,0.1188,24,69,102,0.0047
Gogol,Тарас Бульба,0.9011563554768316,0.0002907009936376,Гоголь,4.282,0.2554002541296061,232125,5.507,13.579,0.204,0.347,-0.6788,0.1628,0.1474,178,983,558,0.0131
Bryusov,"Теперь, - когда я проснулся...",0.8696231661042737,0.000249008341843,Брюсов,4.121,0.1067415730337078,18008,5.825,12.584,0.258,0.614,-0.0255,0.1651,0.1625,6,46,4,0.0214
Chekhov,Толстый и тонкий,0.8894791037161495,0.0001402197198787,Чехов,4.061,0.3571428571428571,3514,5.608,5.151,0.238,0.712,0.5708,0.1648,0.1444,3,3,25,0.0063
Chekhov,Тоска,0.898301866918505,0.0001521615007838,Чехов,4.667,0.2557077625570776,9384,5.367,5.896,0.184,0.648,0.5708,0.2007,0.1077,8,37,41,0.0046
Herzen,Трагедия за стаканом грога,0.8907051133878561,0.0002404722194962,Герцен,3.708,0.1171875,14312,5.614,12.854,0.23,0.651,0.5709,0.1288,0.1548,40,63,13,0.0128
Chekhov,Три сестры,0.8976796931181716,0.0001727501047094,Чехов,4.173,0.214811942613416,107535,5.275,5.082,0.167,0.314,-0.7851,0.1837,0.1033,54,528,386,0.0076
Tolstoy,Три смерти,0.8987437772782274,0.0002476595449457,Толстой,3.731,0.1327433628318584,23645,5.418,8.581,0.18,0.547,0.5701,0.1881,0.1133,8,82,39,0.0085
Dostoevsky,Униженные и оскорблённые,0.8632340996470683,0.0002206680295204,Достоевский,4.441,0.2165858389912706,727403,5.183,9.97,0.185,0.171,0.5701,0.1802,0.1032,437,3286,1570,0.009
Tolstoy,Утро пемещика,0.898106115255204,0.0002553432092292,Толстой,3.998,0.1477064220183486,98924,5.457,12.811,0.205,0.384,-0.6251,0.1559,0.1355,80,422,103,0.0114
Gorky,Фома Гордеев,0.8951074251605055,0.000236996547992,Горький,4.022,0.2739491969472605,489007,5.305,7.518,0.187,0.26,-0.0339,0.1693,0.1045,427,1683,1969,0.0094
Tolstoy,Хаджи-Мурат,0.8867863621648011,0.0001899691914051,Толстой,4.071,0.0664629488158899,231144,5.587,11.878,0.211,0.316,0.5709,0.1656,0.114,174,656,76,0.012
Chekhov,Хамелеон,0.8881247114941851,0.0001504604973973,Чехов,4.193,0.3098591549295774,5830,5.402,5.051,0.203,0.675,0.5708,0.1658,0.1178,5,33,42,0.0163
Chekhov,Хирургия,0.8975543122680559,0.0001824060153033,Чехов,4.003,0.48,6144,5.46,9.793,0.212,0.689,-0.3339,0.1831,0.1021,6,35,34,0.0106
Tolstoy,Хозяин и работник,0.8725568429914126,0.000186579034828,Толстой,4.301,0.1198884758364312,97008,5.4,11.507,0.195,0.362,0.5708,0.1763,0.0859,106,350,105,0.0071
Dostoevsky,Хозяйка,0.8869932101072037,0.0002091584502679,Достоевский,3.582,0.2300695559122525,152999,5.398,11.169,0.202,0.336,0.571,0.1777,0.1334,146,520,348,0.0115
Tolstoy,Холстомер,0.8798598869232825,0.0002586982561239,Толстой,4.187,0.0949589683470105,72506,5.473,11.609,0.2,0.434,-0.7677,0.1801,0.1344,58,281,32,0.0141
Rudnev,Церковный дьявол,0.903259356492667,0.000180343406179,Руднев,-1.0,0.1728045325779036,25959,5.573,10.385,0.234,0.527,-0.7071,0.1784,0.1092,0,114,29,0.0093
Gorky,Челкаш,0.90278270451619,0.0001661998456097,Горький,3.833,0.2786069651741293,61521,5.383,8.302,0.174,0.466,0.5703,0.1627,0.1147,10,153,329,0.0085
Gorky,Человек,0.8714050210151795,0.0002178890343328,Горький,4.379,0.611764705882353,11190,5.69,17.425,0.228,0.61,-0.2476,0.103,0.1809,2,19,43,0.0112
Chekhov,Человек в футляре,0.8798775286679809,0.0001973141436129,Чехов,4.232,0.2423076923076923,25113,5.355,13.544,0.208,0.507,-0.7857,0.173,0.118,16,111,38,0.0133
Bryusov,Через пятнадцать лет,0.8841969937524975,0.0001244225635424,Брюсов,4.196,0.1822429906542056,18752,5.498,11.729,0.248,0.52,-0.7816,0.1716,0.132,8,80,17,0.0179
Dostoevsky,Честный вор,0.8760419851733987,0.0001562569733642,Достоевский,3.857,0.2535460992907801,30631,5.008,8.711,0.137,0.395,-0.7824,0.2162,0.0902,28,148,108,0.0045
Dostoevsky,Чужая жена и муж под кроватью,0.8752950995765074,0.0001974181619792,Достоевский,3.925,0.4162544169611308,75682,5.343,7.175,0.214,0.319,0.5708,0.1788,0.1107,37,367,583,0.0096
Gogol,Шинель,0.8884557303464119,0.0001830259596234,Гоголь,4.208,0.0831168831168831,65218,5.655,21.894,0.242,0.399,-0.7875,0.157,0.1348,194,275,31,0.0114
Lermontov,Штосс,0.8935417426235636,0.0001699771940392,Лермонтов,4.049,0.2102102102102102,26063,5.621,10.528,0.233,0.545,-0.0519,0.1781,0.1337,22,106,69,0.0103
Rudnev,"Элементально, Вольфгар",0.9169121043296208,0.0002001244004283,Руднев,-1.0,0.0986394557823129,33791,5.839,15.714,0.269,0.531,-0.7814,0.1602,0.124,8,113,11,0.0128
Bryusov,"Элули, сын Элули",0.9009399801216318,0.000140838913356,Брюсов,3.333,0.1232876712328767,17786,5.896,14.723,0.281,0.611,-0.7694,0.1554,0.1347,7,74,5,0.0179
Tolstoy,Юность,0.8741117399351841,0.0002685683709943,Толстой,3.994,0.1191123188405797,312553,5.57,18.681,0.226,0.258,0.5709,0.1562,0.1386,326,1205,107,0.0152
Bryusov,Юпитер поверженный,0.8885021526313819,0.0002803323745407,Брюсов,4.231,0.1828125,292589,5.706,14.41,0.245,0.312,-0.7863,0.1533,0.1485,154,987,278,0.0175
Tolstoy,Ягоды,0.8987180484474993,0.0002352213991494,Толстой,3.5,0.1255060728744939,22073,5.694,11.028,0.228,0.591,0.5708,0.1653,0.1224,14,62,20,0.0117
Turgenev,Яков Пасынков,0.8764314228499289,0.0002365701706682,Тургенев,3.946,0.1496539792387543,71996,5.501,7.862,0.228,0.408,-0.7777,0.1879,0.1121,128,304,137,0.0092
Gorky,Ярмарка в Голтве,0.9196893342506736,0.0002690652167443,Горький,3.5,0.2366412213740458,21001,5.517,6.949,0.197,0.649,-0.7887,0.1419,0.124,77,60,87,0.0117
